,0,1
0,📱 Especificações do modelo,📱 Especificações do modelo
1,,Xiaomi 17
2,Alterar modelo,↓ Trocar modelo do Xiaomi 171TB256GB512GB/12GB512GB/16GB
3,Modelo,Xiaomi 17 (1TB)
4,Outros nomes do modelo,Xiaomi 17 25113PN0EC (Xiaomi 16)
5,País ou região onde é vendido,"(Global, Internacional)"
6,Marca,Xiaomi
7,Data lançamento,"27/09/2025, Anunciado: 25/09/2025"
8,Espessura,"8,1 milímetros"
9,Dimensões (largura x altura),"71,8 x 151,1 milímetros"
10,Peso,191 gramas
11,"Construção, materiais","Estrutura de alumínio, tela/traseira de vidro"
12,Resistência à água e outros,"Certificado IP68: a prova d'água até 1,5 metros por 30min e resistente à poeira"
13,📲 Tela,📲 Tela
14,,Xiaomi 17
15,Tipo da tela,LTPO AMOLED
16,Tamanho,"6.3"" polegadas"
17,Proporção,"~89,5% (screen-to-body ratio)"
18,Resolução,1220x2656 pixels (19.5:9)
19,Touchscreen,Capacitiva Multitouch
20,Densidade (pixels x polegadas),464 PPI
21,Cores,68 bilhão
22,Tela resistente a riscos,Dragon Crystal Glass
23,Taxa atualização (Hertz),120Hz
24,Recursos da tela,3500nits[peak]Dolby Vision/HDR10+
25,🤖 Sistema operacional,🤖 Sistema operacional
26,,Xiaomi 17
27,Versão do sistema,Android 16
28,Atualização firmware,especificação não cadastrada
29,Interface do usuário,HyperOS 3
30,⚙️ Processador,⚙️ Processador
31,,Xiaomi 17
32,Chipset,64bits: Qualcomm Snapdragon 8 Elite Gen 5 (SM8850-AC) (3nm)
33,CPU,"Octa-core, 2 processadores:2x 4.61GHz Oryon V3 Phoenix L (Dual-core)6x 3.62GHz Oryon V3 Phoenix M (Hexa-core)"
34,GPU (placa gráfica),Qualcomm Adreno 840
35,Desempenho (benchmark),AnTuTu: 3492566 (v11)Geekbench: 11228 (v6.5)
36,💽 Memória,💽 Memória
37,,Xiaomi 17
38,Memória RAM,16GB LPDDR5X
39,Memória interna,1TB (964GB disponível)
40,Armazenamento externo,Não suporta
41,📶 Rede de telefonia,📶 Rede de telefonia
42,,Xiaomi 17
43,Dual-chip,Dual-SIM Standby - Chamada ativa em uma das linhas
44,Cartão SIM,2 chips (Dual-Chip) nano-SIM (4FF)
45,Download / Upload máximo,3000/1024 Mbps
46,Redes móveis,"2G, 3G, 4G, 5G"
47,"Frequências, bandas",Mostrar +detalhes Esconder detalhes
48,Frequência GSM,Quad-Band 850/900/1800/1900
49,Rede 2G primária,GSM 850/900/1800/1900
50,Rede 3G primária,UMTS 800/850/900/1700/1900/2100
51,Rede 4G primária,"LTE Cat20 (1, 2, 3, 4, 5, 7, 8, 12, 17, 18, 19, 20, 25, 26, 28, 66) TD-LTE (34, 38, 39, 40, 41, 42, 48) VoLTE"
52,Rede 5G primária,"SA/NSA/Sub6 (1, 2, 3, 5, 7, 8, 12, 18, 20, 25, 26, 28, 38, 40, 41, 48, 66, 77, 78, 80, 81, 83, 84, 89)"
53,Rede de dados móveis primária,"GPRS, EDGE, UMTS, HSDPA, HSUPA, HSPA+, TD-LTE, LTE, LTE-A, SA/NSA, Sub6"
54,Rede 2G secundária,GSM 850/900/1800/1900
55,Rede 3G secundária,UMTS 800/850/900/1700/1900/2100
56,Rede 4G secundária,"LTE Cat20 (1, 2, 3, 4, 5, 7, 8, 12, 17, 18, 19, 20, 25, 26, 28, 66) TD-LTE (34, 38, 39, 40, 41, 42, 48) VoLTE"
57,Rede de dados móveis secundária,"GPRS, EDGE, UMTS, HSDPA, HSUPA, HSPA+, TD-LTE, LTE, LTE-A, SA/NSA, Sub6"
58,📷 Câmera,📷 Câmera
59,,Xiaomi 17
60,Câmera traseira (principal),"(câmera tripla)50 megapixels50MP telefoto f/2.060mm1/2.76""0.64µmPDAFOIS2.6x-optical-zoom50MP ultrawide f/2.417mm102°1/2.76""0.64µm"
61,Resolução câmera principal,8160x6120 pixels
62,Gravação vídeo câmera principal,8K UHD (7680x4320) 30 fps
63,Flash,Flash Dual-LED
64,Abertura focal,f/1.7 (aperture)
65,Distância focal,23mm (lente)
66,Tamanho sensor,"1/1.31"" polegadas"
67,Tamanho pixel,1.2µm pixel
68,Autofocus,PDAF: foco por detecção de fase em ambas as câmeras
69,Touch focus,Suporta
70,Estabilização de imagem,OIS: Estabilização ótica
71,Zoom,Zoom digital e ótico
72,Face/smile detection,"Detecção facial, Detecção de sorriso"
73,Sensor BSI,Suporta
74,HDR,HDR foto/video em ambas as câmeras
75,Extras da câmera,8K@30fps (HDR)4K@30/60fps (HDR10+10-bit Dolby Vision/HDR10-bit LOG1080p@30/60/120/240/960fps720p@1920fps
76,📸 Câmera frontal,📸 Câmera frontal
77,,Xiaomi 17
78,Câmera frontal (secundária),50 megapixels
79,Resolução câmera frontal,8160x6120 pixels
80,Gravação vídeo câmera frontal,4K UHD (3840x2160)
81,Flash frontal,Não suporta
82,Abertura focal,f/2.2 (aperture)
83,Distância focal,21mm (lente)
84,Tamanho sensor,especificação não cadastrada
85,Tamanho pixel,especificação não cadastrada
86,🔉 Som e multimídia,🔉 Som e multimídia
87,,Xiaomi 17
88,Alto-falante,Som estéreo com alto-falantes duplos24-bit/192kHzDolby AtmosHi-Res audio
89,Redutor de ruído,4 microfones
90,Rádio,Não suporta
91,TV,Não suporta
92,Formatos de vídeo,"MP4, H.265, H.264, H.263, XviD, MKV"
93,Formatos de áudio,"MP3, WAV, WMA, eAAC+, FLAC"
94,🔌 Conexões,🔌 Conexões
95,,Xiaomi 17
96,USB,"USB 3.2 Type-C, USB OTG On-The-Go"
97,Conexão de áudio,Type-C conector reversível
98,Conexão para TV,USB Type-C (reversível)
99,Bluetooth,5.4 + A2DP/LE
100,WiFi,"802.11 a/b/g/n/ac/ax/be [wifi7/6] (2.4GHz, 5GHz, 6GHz) + MIMOWiFi Direct, hotspot"
101,DLNA,Não suporta
102,GPS,"A-GPS, GeoTagging, GLONASS, GALILEO, BeiDou, QZSS, NavIC"
103,NFC,Suporta
104,IrDA infravermelho,Suporta
105,🧭 Sensores,🧭 Sensores
106,,Xiaomi 17
107,Sensores,AcelerômetroBarômetroBússolaGiroscópioReconhecimento facial 2D (desbloqueio)Sensor de impressão digital (na tela)Sensor de luminosidadeSensor de proximidade
108,Vibração,Suporta
109,🔋 Bateria,🔋 Bateria
110,,Xiaomi 17
111,Bateria,Li-Si: lítio-silício (Fixa)
112,Capacidade bateria,7000 mAh
113,"Carregador, watts",100W Carga rápida por cabo Carregamento reverso por cabo Quick Charge 3+USB Power Delivery 3.0
114,Carga sem fio / indução,"50W Carregamento sem fio (Qi Wireless/WPC)22,5W Carregamento reverso sem fio"
115,Autonomia conversação,especificação não cadastrada
116,Autonomia standby,especificação não cadastrada
117,➕ Outras funções,➕ Outras funções
118,,Xiaomi 17
119,Controle de chamada,"Discagem de voz, Gravador de voz, Comando de voz"
120,Mensagens,"SMS (T9), MMS, E-mail, Push mail"
121,Viva voz,Suporta
122,Video chamada,Suporta
123,"Toques, ringtones",Polifônicos e personalizados
124,Navegador web,"HTML, XHTML, HTML5"
125,Antena,Antena interna
126,Teclado Qwerty físico,Não suporta
127,Outras informações,"• Cores: Preto, Azul, Rosa, Branco"
128,☢️ Taxa de radiação,☢️ Taxa de radiação
129,,Xiaomi 17
130,"SAR 1.6W/kg (EUA, etc)",especificação não cadastrada
131,"SAR 2W/kg (Brasil, União Europeia, etc)",especificação não cadastrada
